Job,Task,Arrival_Time,Start_Time,Finish_Time,Deadline,Response_Time,Missed_Deadline
Ultra_1,Ultra,0,0,32,100,32,False
PIR_1,PIR,0,32,57,80,57,False
Button_1,Button,0,57,92,120,92,False
Ultra_2,Ultra,100,100,132,200,32,False
Ultra_3,Ultra,200,200,232,300,32,False
PIR_2,PIR,200,232,257,280,57,False
Ultra_4,Ultra,300,300,332,400,32,False
Button_2,Button,300,332,367,420,67,False
Ultra_5,Ultra,400,400,432,500,32,False
PIR_3,PIR,400,432,457,480,57,False
Sound_1,Sound,0,92,485,500,485,False
Ultra_6,Ultra,500,500,532,600,32,False
Ultra_7,Ultra,600,600,632,700,32,False
PIR_4,PIR,600,632,657,680,57,False
Button_3,Button,600,657,692,720,92,False
Ultra_8,Ultra,700,700,732,800,32,False
Ultra_9,Ultra,800,800,832,900,32,False
PIR_5,PIR,800,832,857,880,57,False
Sound_2,Sound,500,532,893,1000,393,False
Ultra_10,Ultra,900,900,932,1000,32,False
Button_4,Button,900,932,967,1020,67,False
Ultra_11,Ultra,1000,1000,1032,1100,32,False
PIR_6,PIR,1000,1032,1057,1080,57,False
Ultra_12,Ultra,1100,1100,1132,1200,32,False
Ultra_13,Ultra,1200,1200,1232,1300,32,False
PIR_7,PIR,1200,1232,1257,1280,57,False
Button_5,Button,1200,1257,1292,1320,92,False
Ultra_14,Ultra,1300,1300,1332,1400,32,False
Sound_3,Sound,1000,1057,1393,1500,393,False
Ultra_15,Ultra,1400,1400,1432,1500,32,False
PIR_8,PIR,1400,1432,1457,1480,57,False
Ultra_16,Ultra,1500,1500,1532,1600,32,False
Button_6,Button,1500,1532,1567,1620,67,False
Ultra_17,Ultra,1600,1600,1632,1700,32,False
PIR_9,PIR,1600,1632,1657,1680,57,False
Ultra_18,Ultra,1700,1700,1732,1800,32,False
Ultra_19,Ultra,1800,1800,1832,1900,32,False
PIR_10,PIR,1800,1832,1857,1880,57,False
Button_7,Button,1800,1857,1892,1920,92,False
Ultra_20,Ultra,1900,1900,1932,2000,32,False
Sound_4,Sound,1500,1567,1960,2000,460,False
Ultra_21,Ultra,2000,2000,2032,2100,32,False
PIR_11,PIR,2000,2032,2057,2080,57,False
Ultra_22,Ultra,2100,2100,2132,2200,32,False
Button_8,Button,2100,2132,2167,2220,67,False
Ultra_23,Ultra,2200,2200,2232,2300,32,False
PIR_12,PIR,2200,2232,2257,2280,57,False
Ultra_24,Ultra,2300,2300,2332,2400,32,False
Sound_5,Sound,2000,2057,2393,2500,393,False
Ultra_25,Ultra,2400,2400,2432,2500,32,False
PIR_13,PIR,2400,2432,2457,2480,57,False
Button_9,Button,2400,2457,2492,2520,92,False
Ultra_26,Ultra,2500,2500,2532,2600,32,False
Ultra_27,Ultra,2600,2600,2632,2700,32,False
PIR_14,PIR,2600,2632,2657,2680,57,False
Ultra_28,Ultra,2700,2700,2732,2800,32,False
Button_10,Button,2700,2732,2767,2820,67,False
Ultra_29,Ultra,2800,2800,2832,2900,32,False
PIR_15,PIR,2800,2832,2857,2880,57,False
Sound_6,Sound,2500,2532,2893,3000,393,False
Ultra_30,Ultra,2900,2900,2932,3000,32,False
Ultra_31,Ultra,3000,3000,3032,3100,32,False
PIR_16,PIR,3000,3032,3057,3080,57,False
Button_11,Button,3000,3057,3092,3120,92,False
Ultra_32,Ultra,3100,3100,3132,3200,32,False
Ultra_33,Ultra,3200,3200,3232,3300,32,False
PIR_17,PIR,3200,3232,3257,3280,57,False
Ultra_34,Ultra,3300,3300,3332,3400,32,False
Button_12,Button,3300,3332,3367,3420,67,False
Ultra_35,Ultra,3400,3400,3432,3500,32,False
PIR_18,PIR,3400,3432,3457,3480,57,False
Sound_7,Sound,3000,3092,3485,3500,485,False
Ultra_36,Ultra,3500,3500,3532,3600,32,False
Ultra_37,Ultra,3600,3600,3632,3700,32,False
PIR_19,PIR,3600,3632,3657,3680,57,False
Button_13,Button,3600,3657,3692,3720,92,False
Ultra_38,Ultra,3700,3700,3732,3800,32,False
Ultra_39,Ultra,3800,3800,3832,3900,32,False
PIR_20,PIR,3800,3832,3857,3880,57,False
Sound_8,Sound,3500,3532,3893,4000,393,False
Ultra_40,Ultra,3900,3900,3932,4000,32,False
Button_14,Button,3900,3932,3967,4020,67,False
Ultra_41,Ultra,4000,4000,4032,4100,32,False
PIR_21,PIR,4000,4032,4057,4080,57,False
Ultra_42,Ultra,4100,4100,4132,4200,32,False
Ultra_43,Ultra,4200,4200,4232,4300,32,False
PIR_22,PIR,4200,4232,4257,4280,57,False
Button_15,Button,4200,4257,4292,4320,92,False
Ultra_44,Ultra,4300,4300,4332,4400,32,False
Sound_9,Sound,4000,4057,4393,4500,393,False
Ultra_45,Ultra,4400,4400,4432,4500,32,False
PIR_23,PIR,4400,4432,4457,4480,57,False
Ultra_46,Ultra,4500,4500,4532,4600,32,False
Button_16,Button,4500,4532,4567,4620,67,False
Ultra_47,Ultra,4600,4600,4632,4700,32,False
PIR_24,PIR,4600,4632,4657,4680,57,False
Ultra_48,Ultra,4700,4700,4732,4800,32,False
Ultra_49,Ultra,4800,4800,4832,4900,32,False
PIR_25,PIR,4800,4832,4857,4880,57,False
Button_17,Button,4800,4857,4892,4920,92,False
Ultra_50,Ultra,4900,4900,4932,5000,32,False
Sound_10,Sound,4500,4567,4960,5000,460,False
Ultra_51,Ultra,5000,5000,5032,5100,32,False
PIR_26,PIR,5000,5032,5057,5080,57,False
Ultra_52,Ultra,5100,5100,5132,5200,32,False
Button_18,Button,5100,5132,5167,5220,67,False
Ultra_53,Ultra,5200,5200,5232,5300,32,False
PIR_27,PIR,5200,5232,5257,5280,57,False
Ultra_54,Ultra,5300,5300,5332,5400,32,False
Sound_11,Sound,5000,5057,5393,5500,393,False
Ultra_55,Ultra,5400,5400,5432,5500,32,False
PIR_28,PIR,5400,5432,5457,5480,57,False
Button_19,Button,5400,5457,5492,5520,92,False
Ultra_56,Ultra,5500,5500,5532,5600,32,False
Ultra_57,Ultra,5600,5600,5632,5700,32,False
PIR_29,PIR,5600,5632,5657,5680,57,False
Ultra_58,Ultra,5700,5700,5732,5800,32,False
Button_20,Button,5700,5732,5767,5820,67,False
Ultra_59,Ultra,5800,5800,5832,5900,32,False
PIR_30,PIR,5800,5832,5857,5880,57,False
Sound_12,Sound,5500,5532,5893,6000,393,False
Ultra_60,Ultra,5900,5900,5932,6000,32,False
Ultra_61,Ultra,6000,6000,6032,6100,32,False
PIR_31,PIR,6000,6032,6057,6080,57,False
Button_21,Button,6000,6057,6092,6120,92,False
Ultra_62,Ultra,6100,6100,6132,6200,32,False
Ultra_63,Ultra,6200,6200,6232,6300,32,False
PIR_32,PIR,6200,6232,6257,6280,57,False
Ultra_64,Ultra,6300,6300,6332,6400,32,False
Button_22,Button,6300,6332,6367,6420,67,False
Ultra_65,Ultra,6400,6400,6432,6500,32,False
PIR_33,PIR,6400,6432,6457,6480,57,False
Sound_13,Sound,6000,6092,6485,6500,485,False
Ultra_66,Ultra,6500,6500,6532,6600,32,False
Ultra_67,Ultra,6600,6600,6632,6700,32,False
PIR_34,PIR,6600,6632,6657,6680,57,False
Button_23,Button,6600,6657,6692,6720,92,False
Ultra_68,Ultra,6700,6700,6732,6800,32,False
Ultra_69,Ultra,6800,6800,6832,6900,32,False
PIR_35,PIR,6800,6832,6857,6880,57,False
Sound_14,Sound,6500,6532,6893,7000,393,False
Ultra_70,Ultra,6900,6900,6932,7000,32,False
Button_24,Button,6900,6932,6967,7020,67,False
Ultra_71,Ultra,7000,7000,7032,7100,32,False
PIR_36,PIR,7000,7032,7057,7080,57,False
Ultra_72,Ultra,7100,7100,7132,7200,32,False
Ultra_73,Ultra,7200,7200,7232,7300,32,False
PIR_37,PIR,7200,7232,7257,7280,57,False
Button_25,Button,7200,7257,7292,7320,92,False
Ultra_74,Ultra,7300,7300,7332,7400,32,False
Sound_15,Sound,7000,7057,7393,7500,393,False
Ultra_75,Ultra,7400,7400,7432,7500,32,False
PIR_38,PIR,7400,7432,7457,7480,57,False
Ultra_76,Ultra,7500,7500,7532,7600,32,False
Button_26,Button,7500,7532,7567,7620,67,False
Ultra_77,Ultra,7600,7600,7632,7700,32,False
PIR_39,PIR,7600,7632,7657,7680,57,False
Ultra_78,Ultra,7700,7700,7732,7800,32,False
Ultra_79,Ultra,7800,7800,7832,7900,32,False
PIR_40,PIR,7800,7832,7857,7880,57,False
Button_27,Button,7800,7857,7892,7920,92,False
Ultra_80,Ultra,7900,7900,7932,8000,32,False
Sound_16,Sound,7500,7567,7960,8000,460,False
Ultra_81,Ultra,8000,8000,8032,8100,32,False
PIR_41,PIR,8000,8032,8057,8080,57,False
Ultra_82,Ultra,8100,8100,8132,8200,32,False
Button_28,Button,8100,8132,8167,8220,67,False
Ultra_83,Ultra,8200,8200,8232,8300,32,False
PIR_42,PIR,8200,8232,8257,8280,57,False
Ultra_84,Ultra,8300,8300,8332,8400,32,False
Sound_17,Sound,8000,8057,8393,8500,393,False
Ultra_85,Ultra,8400,8400,8432,8500,32,False
PIR_43,PIR,8400,8432,8457,8480,57,False
Button_29,Button,8400,8457,8492,8520,92,False
Ultra_86,Ultra,8500,8500,8532,8600,32,False
Ultra_87,Ultra,8600,8600,8632,8700,32,False
PIR_44,PIR,8600,8632,8657,8680,57,False
Ultra_88,Ultra,8700,8700,8732,8800,32,False
Button_30,Button,8700,8732,8767,8820,67,False
Ultra_89,Ultra,8800,8800,8832,8900,32,False
PIR_45,PIR,8800,8832,8857,8880,57,False
Sound_18,Sound,8500,8532,8893,9000,393,False
Ultra_90,Ultra,8900,8900,8932,9000,32,False
Ultra_91,Ultra,9000,9000,9032,9100,32,False
PIR_46,PIR,9000,9032,9057,9080,57,False
Button_31,Button,9000,9057,9092,9120,92,False
Ultra_92,Ultra,9100,9100,9132,9200,32,False
Ultra_93,Ultra,9200,9200,9232,9300,32,False
PIR_47,PIR,9200,9232,9257,9280,57,False
Ultra_94,Ultra,9300,9300,9332,9400,32,False
Button_32,Button,9300,9332,9367,9420,67,False
Ultra_95,Ultra,9400,9400,9432,9500,32,False
PIR_48,PIR,9400,9432,9457,9480,57,False
Sound_19,Sound,9000,9092,9485,9500,485,False
Ultra_96,Ultra,9500,9500,9532,9600,32,False
Ultra_97,Ultra,9600,9600,9632,9700,32,False
PIR_49,PIR,9600,9632,9657,9680,57,False
Button_33,Button,9600,9657,9692,9720,92,False
Ultra_98,Ultra,9700,9700,9732,9800,32,False
Ultra_99,Ultra,9800,9800,9832,9900,32,False
PIR_50,PIR,9800,9832,9857,9880,57,False
Sound_20,Sound,9500,9532,9893,10000,393,False
Ultra_100,Ultra,9900,9900,9932,10000,32,False
Button_34,Button,9900,9932,9967,10020,67,False
Ultra_101,Ultra,10000,10000,10032,10100,32,False
PIR_51,PIR,10000,10032,10057,10080,57,False
Ultra_102,Ultra,10100,10100,10132,10200,32,False
Ultra_103,Ultra,10200,10200,10232,10300,32,False
PIR_52,PIR,10200,10232,10257,10280,57,False
Button_35,Button,10200,10257,10292,10320,92,False
Ultra_104,Ultra,10300,10300,10332,10400,32,False
Sound_21,Sound,10000,10057,10393,10500,393,False
Ultra_105,Ultra,10400,10400,10432,10500,32,False
PIR_53,PIR,10400,10432,10457,10480,57,False
Ultra_106,Ultra,10500,10500,10532,10600,32,False
Button_36,Button,10500,10532,10567,10620,67,False
Ultra_107,Ultra,10600,10600,10632,10700,32,False
PIR_54,PIR,10600,10632,10657,10680,57,False
Ultra_108,Ultra,10700,10700,10732,10800,32,False
Ultra_109,Ultra,10800,10800,10832,10900,32,False
PIR_55,PIR,10800,10832,10857,10880,57,False
Button_37,Button,10800,10857,10892,10920,92,False
Ultra_110,Ultra,10900,10900,10932,11000,32,False
Sound_22,Sound,10500,10567,10960,11000,460,False
Ultra_111,Ultra,11000,11000,11032,11100,32,False
PIR_56,PIR,11000,11032,11057,11080,57,False
Ultra_112,Ultra,11100,11100,11132,11200,32,False
Button_38,Button,11100,11132,11167,11220,67,False
Ultra_113,Ultra,11200,11200,11232,11300,32,False
PIR_57,PIR,11200,11232,11257,11280,57,False
Ultra_114,Ultra,11300,11300,11332,11400,32,False
Sound_23,Sound,11000,11057,11393,11500,393,False
Ultra_115,Ultra,11400,11400,11432,11500,32,False
PIR_58,PIR,11400,11432,11457,11480,57,False
Button_39,Button,11400,11457,11492,11520,92,False
Ultra_116,Ultra,11500,11500,11532,11600,32,False
Ultra_117,Ultra,11600,11600,11632,11700,32,False
PIR_59,PIR,11600,11632,11657,11680,57,False
Ultra_118,Ultra,11700,11700,11732,11800,32,False
Button_40,Button,11700,11732,11767,11820,67,False
Ultra_119,Ultra,11800,11800,11832,11900,32,False
PIR_60,PIR,11800,11832,11857,11880,57,False
Sound_24,Sound,11500,11532,11893,12000,393,False
Ultra_120,Ultra,11900,11900,11932,12000,32,False
Ultra_121,Ultra,12000,12000,12032,12100,32,False
PIR_61,PIR,12000,12032,12057,12080,57,False
Button_41,Button,12000,12057,12092,12120,92,False
Ultra_122,Ultra,12100,12100,12132,12200,32,False
Ultra_123,Ultra,12200,12200,12232,12300,32,False
PIR_62,PIR,12200,12232,12257,12280,57,False
Ultra_124,Ultra,12300,12300,12332,12400,32,False
Button_42,Button,12300,12332,12367,12420,67,False
Ultra_125,Ultra,12400,12400,12432,12500,32,False
PIR_63,PIR,12400,12432,12457,12480,57,False
Sound_25,Sound,12000,12092,12485,12500,485,False
Ultra_126,Ultra,12500,12500,12532,12600,32,False
Ultra_127,Ultra,12600,12600,12632,12700,32,False
PIR_64,PIR,12600,12632,12657,12680,57,False
Button_43,Button,12600,12657,12692,12720,92,False
Ultra_128,Ultra,12700,12700,12732,12800,32,False
Ultra_129,Ultra,12800,12800,12832,12900,32,False
PIR_65,PIR,12800,12832,12857,12880,57,False
Sound_26,Sound,12500,12532,12893,13000,393,False
Ultra_130,Ultra,12900,12900,12932,13000,32,False
Button_44,Button,12900,12932,12967,13020,67,False
Ultra_131,Ultra,13000,13000,13032,13100,32,False
PIR_66,PIR,13000,13032,13057,13080,57,False
Ultra_132,Ultra,13100,13100,13132,13200,32,False
Ultra_133,Ultra,13200,13200,13232,13300,32,False
PIR_67,PIR,13200,13232,13257,13280,57,False
Button_45,Button,13200,13257,13292,13320,92,False
Ultra_134,Ultra,13300,13300,13332,13400,32,False
Sound_27,Sound,13000,13057,13393,13500,393,False
Ultra_135,Ultra,13400,13400,13432,13500,32,False
PIR_68,PIR,13400,13432,13457,13480,57,False
Ultra_136,Ultra,13500,13500,13532,13600,32,False
Button_46,Button,13500,13532,13567,13620,67,False
Ultra_137,Ultra,13600,13600,13632,13700,32,False
PIR_69,PIR,13600,13632,13657,13680,57,False
Ultra_138,Ultra,13700,13700,13732,13800,32,False
Ultra_139,Ultra,13800,13800,13832,13900,32,False
PIR_70,PIR,13800,13832,13857,13880,57,False
Button_47,Button,13800,13857,13892,13920,92,False
Ultra_140,Ultra,13900,13900,13932,14000,32,False
Sound_28,Sound,13500,13567,13960,14000,460,False
Ultra_141,Ultra,14000,14000,14032,14100,32,False
PIR_71,PIR,14000,14032,14057,14080,57,False
Ultra_142,Ultra,14100,14100,14132,14200,32,False
Button_48,Button,14100,14132,14167,14220,67,False
Ultra_143,Ultra,14200,14200,14232,14300,32,False
PIR_72,PIR,14200,14232,14257,14280,57,False
Ultra_144,Ultra,14300,14300,14332,14400,32,False
Sound_29,Sound,14000,14057,14393,14500,393,False
Ultra_145,Ultra,14400,14400,14432,14500,32,False
PIR_73,PIR,14400,14432,14457,14480,57,False
Button_49,Button,14400,14457,14492,14520,92,False
Ultra_146,Ultra,14500,14500,14532,14600,32,False
Ultra_147,Ultra,14600,14600,14632,14700,32,False
PIR_74,PIR,14600,14632,14657,14680,57,False
Ultra_148,Ultra,14700,14700,14732,14800,32,False
Button_50,Button,14700,14732,14767,14820,67,False
Ultra_149,Ultra,14800,14800,14832,14900,32,False
PIR_75,PIR,14800,14832,14857,14880,57,False
Sound_30,Sound,14500,14532,14893,15000,393,False
Ultra_150,Ultra,14900,14900,14932,15000,32,False
Ultra_151,Ultra,15000,15000,15032,15100,32,False
PIR_76,PIR,15000,15032,15057,15080,57,False
Button_51,Button,15000,15057,15092,15120,92,False
Ultra_152,Ultra,15100,15100,15132,15200,32,False
Ultra_153,Ultra,15200,15200,15232,15300,32,False
PIR_77,PIR,15200,15232,15257,15280,57,False
Ultra_154,Ultra,15300,15300,15332,15400,32,False
Button_52,Button,15300,15332,15367,15420,67,False
Ultra_155,Ultra,15400,15400,15432,15500,32,False
PIR_78,PIR,15400,15432,15457,15480,57,False
Sound_31,Sound,15000,15092,15485,15500,485,False
Ultra_156,Ultra,15500,15500,15532,15600,32,False
Ultra_157,Ultra,15600,15600,15632,15700,32,False
PIR_79,PIR,15600,15632,15657,15680,57,False
Button_53,Button,15600,15657,15692,15720,92,False
Ultra_158,Ultra,15700,15700,15732,15800,32,False
Ultra_159,Ultra,15800,15800,15832,15900,32,False
PIR_80,PIR,15800,15832,15857,15880,57,False
Sound_32,Sound,15500,15532,15893,16000,393,False
Ultra_160,Ultra,15900,15900,15932,16000,32,False
Button_54,Button,15900,15932,15967,16020,67,False
Ultra_161,Ultra,16000,16000,16032,16100,32,False
PIR_81,PIR,16000,16032,16057,16080,57,False
Ultra_162,Ultra,16100,16100,16132,16200,32,False
Ultra_163,Ultra,16200,16200,16232,16300,32,False
PIR_82,PIR,16200,16232,16257,16280,57,False
Button_55,Button,16200,16257,16292,16320,92,False
Ultra_164,Ultra,16300,16300,16332,16400,32,False
Sound_33,Sound,16000,16057,16393,16500,393,False
Ultra_165,Ultra,16400,16400,16432,16500,32,False
PIR_83,PIR,16400,16432,16457,16480,57,False
Ultra_166,Ultra,16500,16500,16532,16600,32,False
Button_56,Button,16500,16532,16567,16620,67,False
Ultra_167,Ultra,16600,16600,16632,16700,32,False
PIR_84,PIR,16600,16632,16657,16680,57,False
Ultra_168,Ultra,16700,16700,16732,16800,32,False
Ultra_169,Ultra,16800,16800,16832,16900,32,False
PIR_85,PIR,16800,16832,16857,16880,57,False
Button_57,Button,16800,16857,16892,16920,92,False
Ultra_170,Ultra,16900,16900,16932,17000,32,False
Sound_34,Sound,16500,16567,16960,17000,460,False
Ultra_171,Ultra,17000,17000,17032,17100,32,False
PIR_86,PIR,17000,17032,17057,17080,57,False
Ultra_172,Ultra,17100,17100,17132,17200,32,False
Button_58,Button,17100,17132,17167,17220,67,False
Ultra_173,Ultra,17200,17200,17232,17300,32,False
PIR_87,PIR,17200,17232,17257,17280,57,False
Ultra_174,Ultra,17300,17300,17332,17400,32,False
Sound_35,Sound,17000,17057,17393,17500,393,False
Ultra_175,Ultra,17400,17400,17432,17500,32,False
PIR_88,PIR,17400,17432,17457,17480,57,False
Button_59,Button,17400,17457,17492,17520,92,False
Ultra_176,Ultra,17500,17500,17532,17600,32,False
Ultra_177,Ultra,17600,17600,17632,17700,32,False
PIR_89,PIR,17600,17632,17657,17680,57,False
Ultra_178,Ultra,17700,17700,17732,17800,32,False
Button_60,Button,17700,17732,17767,17820,67,False
Ultra_179,Ultra,17800,17800,17832,17900,32,False
PIR_90,PIR,17800,17832,17857,17880,57,False
Sound_36,Sound,17500,17532,17893,18000,393,False
Ultra_180,Ultra,17900,17900,17932,18000,32,False
Ultra_181,Ultra,18000,18000,18032,18100,32,False
PIR_91,PIR,18000,18032,18057,18080,57,False
Button_61,Button,18000,18057,18092,18120,92,False
Ultra_182,Ultra,18100,18100,18132,18200,32,False
Ultra_183,Ultra,18200,18200,18232,18300,32,False
PIR_92,PIR,18200,18232,18257,18280,57,False
Ultra_184,Ultra,18300,18300,18332,18400,32,False
Button_62,Button,18300,18332,18367,18420,67,False
Ultra_185,Ultra,18400,18400,18432,18500,32,False
PIR_93,PIR,18400,18432,18457,18480,57,False
Sound_37,Sound,18000,18092,18485,18500,485,False
Ultra_186,Ultra,18500,18500,18532,18600,32,False
Ultra_187,Ultra,18600,18600,18632,18700,32,False
PIR_94,PIR,18600,18632,18657,18680,57,False
Button_63,Button,18600,18657,18692,18720,92,False
Ultra_188,Ultra,18700,18700,18732,18800,32,False
Ultra_189,Ultra,18800,18800,18832,18900,32,False
PIR_95,PIR,18800,18832,18857,18880,57,False
Sound_38,Sound,18500,18532,18893,19000,393,False
Ultra_190,Ultra,18900,18900,18932,19000,32,False
Button_64,Button,18900,18932,18967,19020,67,False
Ultra_191,Ultra,19000,19000,19032,19100,32,False
PIR_96,PIR,19000,19032,19057,19080,57,False
Ultra_192,Ultra,19100,19100,19132,19200,32,False
Ultra_193,Ultra,19200,19200,19232,19300,32,False
PIR_97,PIR,19200,19232,19257,19280,57,False
Button_65,Button,19200,19257,19292,19320,92,False
Ultra_194,Ultra,19300,19300,19332,19400,32,False
Sound_39,Sound,19000,19057,19393,19500,393,False
Ultra_195,Ultra,19400,19400,19432,19500,32,False
PIR_98,PIR,19400,19432,19457,19480,57,False
Ultra_196,Ultra,19500,19500,19532,19600,32,False
Button_66,Button,19500,19532,19567,19620,67,False
Ultra_197,Ultra,19600,19600,19632,19700,32,False
PIR_99,PIR,19600,19632,19657,19680,57,False
Ultra_198,Ultra,19700,19700,19732,19800,32,False
Ultra_199,Ultra,19800,19800,19832,19900,32,False
PIR_100,PIR,19800,19832,19857,19880,57,False
Button_67,Button,19800,19857,19892,19920,92,False
Ultra_200,Ultra,19900,19900,19932,20000,32,False
Sound_40,Sound,19500,19567,19960,20000,460,False
Ultra_201,Ultra,20000,20000,20032,20100,32,False
PIR_101,PIR,20000,20032,20057,20080,57,False
Ultra_202,Ultra,20100,20100,20132,20200,32,False
Button_68,Button,20100,20132,20167,20220,67,False
Ultra_203,Ultra,20200,20200,20232,20300,32,False
PIR_102,PIR,20200,20232,20257,20280,57,False
Ultra_204,Ultra,20300,20300,20332,20400,32,False
Sound_41,Sound,20000,20057,20393,20500,393,False
Ultra_205,Ultra,20400,20400,20432,20500,32,False
PIR_103,PIR,20400,20432,20457,20480,57,False
Button_69,Button,20400,20457,20492,20520,92,False
Ultra_206,Ultra,20500,20500,20532,20600,32,False
Ultra_207,Ultra,20600,20600,20632,20700,32,False
PIR_104,PIR,20600,20632,20657,20680,57,False
Ultra_208,Ultra,20700,20700,20732,20800,32,False
Button_70,Button,20700,20732,20767,20820,67,False
Ultra_209,Ultra,20800,20800,20832,20900,32,False
PIR_105,PIR,20800,20832,20857,20880,57,False
Sound_42,Sound,20500,20532,20893,21000,393,False
Ultra_210,Ultra,20900,20900,20932,21000,32,False
Ultra_211,Ultra,21000,21000,21032,21100,32,False
PIR_106,PIR,21000,21032,21057,21080,57,False
Button_71,Button,21000,21057,21092,21120,92,False
Ultra_212,Ultra,21100,21100,21132,21200,32,False
Ultra_213,Ultra,21200,21200,21232,21300,32,False
PIR_107,PIR,21200,21232,21257,21280,57,False
Ultra_214,Ultra,21300,21300,21332,21400,32,False
Button_72,Button,21300,21332,21367,21420,67,False
Ultra_215,Ultra,21400,21400,21432,21500,32,False
PIR_108,PIR,21400,21432,21457,21480,57,False
Sound_43,Sound,21000,21092,21485,21500,485,False
Ultra_216,Ultra,21500,21500,21532,21600,32,False
Ultra_217,Ultra,21600,21600,21632,21700,32,False
PIR_109,PIR,21600,21632,21657,21680,57,False
Button_73,Button,21600,21657,21692,21720,92,False
Ultra_218,Ultra,21700,21700,21732,21800,32,False
Ultra_219,Ultra,21800,21800,21832,21900,32,False
PIR_110,PIR,21800,21832,21857,21880,57,False
Sound_44,Sound,21500,21532,21893,22000,393,False
Ultra_220,Ultra,21900,21900,21932,22000,32,False
Button_74,Button,21900,21932,21967,22020,67,False
Ultra_221,Ultra,22000,22000,22032,22100,32,False
PIR_111,PIR,22000,22032,22057,22080,57,False
Ultra_222,Ultra,22100,22100,22132,22200,32,False
Ultra_223,Ultra,22200,22200,22232,22300,32,False
PIR_112,PIR,22200,22232,22257,22280,57,False
Button_75,Button,22200,22257,22292,22320,92,False
Ultra_224,Ultra,22300,22300,22332,22400,32,False
Sound_45,Sound,22000,22057,22393,22500,393,False
Ultra_225,Ultra,22400,22400,22432,22500,32,False
PIR_113,PIR,22400,22432,22457,22480,57,False
Ultra_226,Ultra,22500,22500,22532,22600,32,False
Button_76,Button,22500,22532,22567,22620,67,False
Ultra_227,Ultra,22600,22600,22632,22700,32,False
PIR_114,PIR,22600,22632,22657,22680,57,False
Ultra_228,Ultra,22700,22700,22732,22800,32,False
Ultra_229,Ultra,22800,22800,22832,22900,32,False
PIR_115,PIR,22800,22832,22857,22880,57,False
Button_77,Button,22800,22857,22892,22920,92,False
Ultra_230,Ultra,22900,22900,22932,23000,32,False
Sound_46,Sound,22500,22567,22960,23000,460,False
Ultra_231,Ultra,23000,23000,23032,23100,32,False
PIR_116,PIR,23000,23032,23057,23080,57,False
Ultra_232,Ultra,23100,23100,23132,23200,32,False
Button_78,Button,23100,23132,23167,23220,67,False
Ultra_233,Ultra,23200,23200,23232,23300,32,False
PIR_117,PIR,23200,23232,23257,23280,57,False
Ultra_234,Ultra,23300,23300,23332,23400,32,False
Sound_47,Sound,23000,23057,23393,23500,393,False
Ultra_235,Ultra,23400,23400,23432,23500,32,False
PIR_118,PIR,23400,23432,23457,23480,57,False
Button_79,Button,23400,23457,23492,23520,92,False
Ultra_236,Ultra,23500,23500,23532,23600,32,False
Ultra_237,Ultra,23600,23600,23632,23700,32,False
PIR_119,PIR,23600,23632,23657,23680,57,False
Ultra_238,Ultra,23700,23700,23732,23800,32,False
Button_80,Button,23700,23732,23767,23820,67,False
Ultra_239,Ultra,23800,23800,23832,23900,32,False
PIR_120,PIR,23800,23832,23857,23880,57,False
Sound_48,Sound,23500,23532,23893,24000,393,False
Ultra_240,Ultra,23900,23900,23932,24000,32,False
Ultra_241,Ultra,24000,24000,24032,24100,32,False
PIR_121,PIR,24000,24032,24057,24080,57,False
Button_81,Button,24000,24057,24092,24120,92,False
Ultra_242,Ultra,24100,24100,24132,24200,32,False
Ultra_243,Ultra,24200,24200,24232,24300,32,False
PIR_122,PIR,24200,24232,24257,24280,57,False
Ultra_244,Ultra,24300,24300,24332,24400,32,False
Button_82,Button,24300,24332,24367,24420,67,False
Ultra_245,Ultra,24400,24400,24432,24500,32,False
PIR_123,PIR,24400,24432,24457,24480,57,False
Sound_49,Sound,24000,24092,24485,24500,485,False
Ultra_246,Ultra,24500,24500,24532,24600,32,False
Ultra_247,Ultra,24600,24600,24632,24700,32,False
PIR_124,PIR,24600,24632,24657,24680,57,False
Button_83,Button,24600,24657,24692,24720,92,False
Ultra_248,Ultra,24700,24700,24732,24800,32,False
Ultra_249,Ultra,24800,24800,24832,24900,32,False
PIR_125,PIR,24800,24832,24857,24880,57,False
Sound_50,Sound,24500,24532,24893,25000,393,False
Ultra_250,Ultra,24900,24900,24932,25000,32,False
Button_84,Button,24900,24932,24967,25020,67,False
Ultra_251,Ultra,25000,25000,25032,25100,32,False
PIR_126,PIR,25000,25032,25057,25080,57,False
Ultra_252,Ultra,25100,25100,25132,25200,32,False
Ultra_253,Ultra,25200,25200,25232,25300,32,False
PIR_127,PIR,25200,25232,25257,25280,57,False
Button_85,Button,25200,25257,25292,25320,92,False
Ultra_254,Ultra,25300,25300,25332,25400,32,False
Sound_51,Sound,25000,25057,25393,25500,393,False
Ultra_255,Ultra,25400,25400,25432,25500,32,False
PIR_128,PIR,25400,25432,25457,25480,57,False
Ultra_256,Ultra,25500,25500,25532,25600,32,False
Button_86,Button,25500,25532,25567,25620,67,False
Ultra_257,Ultra,25600,25600,25632,25700,32,False
PIR_129,PIR,25600,25632,25657,25680,57,False
Ultra_258,Ultra,25700,25700,25732,25800,32,False
Ultra_259,Ultra,25800,25800,25832,25900,32,False
PIR_130,PIR,25800,25832,25857,25880,57,False
Button_87,Button,25800,25857,25892,25920,92,False
Ultra_260,Ultra,25900,25900,25932,26000,32,False
Sound_52,Sound,25500,25567,25960,26000,460,False
Ultra_261,Ultra,26000,26000,26032,26100,32,False
PIR_131,PIR,26000,26032,26057,26080,57,False
Ultra_262,Ultra,26100,26100,26132,26200,32,False
Button_88,Button,26100,26132,26167,26220,67,False
Ultra_263,Ultra,26200,26200,26232,26300,32,False
PIR_132,PIR,26200,26232,26257,26280,57,False
Ultra_264,Ultra,26300,26300,26332,26400,32,False
Sound_53,Sound,26000,26057,26393,26500,393,False
Ultra_265,Ultra,26400,26400,26432,26500,32,False
PIR_133,PIR,26400,26432,26457,26480,57,False
Button_89,Button,26400,26457,26492,26520,92,False
Ultra_266,Ultra,26500,26500,26532,26600,32,False
Ultra_267,Ultra,26600,26600,26632,26700,32,False
PIR_134,PIR,26600,26632,26657,26680,57,False
Ultra_268,Ultra,26700,26700,26732,26800,32,False
Button_90,Button,26700,26732,26767,26820,67,False
Ultra_269,Ultra,26800,26800,26832,26900,32,False
PIR_135,PIR,26800,26832,26857,26880,57,False
Sound_54,Sound,26500,26532,26893,27000,393,False
Ultra_270,Ultra,26900,26900,26932,27000,32,False
Ultra_271,Ultra,27000,27000,27032,27100,32,False
PIR_136,PIR,27000,27032,27057,27080,57,False
Button_91,Button,27000,27057,27092,27120,92,False
Ultra_272,Ultra,27100,27100,27132,27200,32,False
Ultra_273,Ultra,27200,27200,27232,27300,32,False
PIR_137,PIR,27200,27232,27257,27280,57,False
Ultra_274,Ultra,27300,27300,27332,27400,32,False
Button_92,Button,27300,27332,27367,27420,67,False
Ultra_275,Ultra,27400,27400,27432,27500,32,False
PIR_138,PIR,27400,27432,27457,27480,57,False
Sound_55,Sound,27000,27092,27485,27500,485,False
Ultra_276,Ultra,27500,27500,27532,27600,32,False
Ultra_277,Ultra,27600,27600,27632,27700,32,False
PIR_139,PIR,27600,27632,27657,27680,57,False
Button_93,Button,27600,27657,27692,27720,92,False
Ultra_278,Ultra,27700,27700,27732,27800,32,False
Ultra_279,Ultra,27800,27800,27832,27900,32,False
PIR_140,PIR,27800,27832,27857,27880,57,False
Sound_56,Sound,27500,27532,27893,28000,393,False
Ultra_280,Ultra,27900,27900,27932,28000,32,False
Button_94,Button,27900,27932,27967,28020,67,False
Ultra_281,Ultra,28000,28000,28032,28100,32,False
PIR_141,PIR,28000,28032,28057,28080,57,False
Ultra_282,Ultra,28100,28100,28132,28200,32,False
Ultra_283,Ultra,28200,28200,28232,28300,32,False
PIR_142,PIR,28200,28232,28257,28280,57,False
Button_95,Button,28200,28257,28292,28320,92,False
Ultra_284,Ultra,28300,28300,28332,28400,32,False
Sound_57,Sound,28000,28057,28393,28500,393,False
Ultra_285,Ultra,28400,28400,28432,28500,32,False
PIR_143,PIR,28400,28432,28457,28480,57,False
Ultra_286,Ultra,28500,28500,28532,28600,32,False
Button_96,Button,28500,28532,28567,28620,67,False
Ultra_287,Ultra,28600,28600,28632,28700,32,False
PIR_144,PIR,28600,28632,28657,28680,57,False
Ultra_288,Ultra,28700,28700,28732,28800,32,False
Ultra_289,Ultra,28800,28800,28832,28900,32,False
PIR_145,PIR,28800,28832,28857,28880,57,False
Button_97,Button,28800,28857,28892,28920,92,False
Ultra_290,Ultra,28900,28900,28932,29000,32,False
Sound_58,Sound,28500,28567,28960,29000,460,False
Ultra_291,Ultra,29000,29000,29032,29100,32,False
PIR_146,PIR,29000,29032,29057,29080,57,False
Ultra_292,Ultra,29100,29100,29132,29200,32,False
Button_98,Button,29100,29132,29167,29220,67,False
Ultra_293,Ultra,29200,29200,29232,29300,32,False
PIR_147,PIR,29200,29232,29257,29280,57,False
Ultra_294,Ultra,29300,29300,29332,29400,32,False
Sound_59,Sound,29000,29057,29393,29500,393,False
Ultra_295,Ultra,29400,29400,29432,29500,32,False
PIR_148,PIR,29400,29432,29457,29480,57,False
Button_99,Button,29400,29457,29492,29520,92,False
Ultra_296,Ultra,29500,29500,29532,29600,32,False
Ultra_297,Ultra,29600,29600,29632,29700,32,False
PIR_149,PIR,29600,29632,29657,29680,57,False
Ultra_298,Ultra,29700,29700,29732,29800,32,False
Button_100,Button,29700,29732,29767,29820,67,False
Ultra_299,Ultra,29800,29800,29832,29900,32,False
PIR_150,PIR,29800,29832,29857,29880,57,False
Sound_60,Sound,29500,29532,29893,30000,393,False
Ultra_300,Ultra,29900,29900,29932,30000,32,False
